year,term,kst
1899,小寒,189901052117
1899,立春,189902040907
1899,驚蟄,189903060338
1899,淸明,189904050909
1899,立夏,189905060311
1899,芒種,189906060753
1899,小暑,189907071822
1899,立秋,189908080400
1899,白露,189909080624
1899,寒露,189910082120
1899,立冬,189911072347
1899,大雪,189912071604
1900,小寒,190001060304
1900,立春,190002041452
1900,驚蟄,190003060922
1900,淸明,190004051453
1900,立夏,190005060855
1900,芒種,190006061339
1900,小暑,190007080010
1900,立秋,190008080951
1900,白露,190009081217
1900,寒露,190010090313
1900,立冬,190011080540
1900,大雪,190012072156
1901,小寒,190101060853
1901,立春,190102042040
1901,驚蟄,190103061511
1901,淸明,190104052045
1901,立夏,190105061451
1901,芒種,190106061937
1901,小暑,190107080608
1901,立秋,190108081546
1901,白露,190109081810
1901,寒露,190110090907
1901,立冬,190111081134
1901,大雪,190112080353
1902,小寒,190201061452
1902,立春,190202050238
1902,驚蟄,190203062108
1902,淸明,190204060238
1902,立夏,190205062039
1902,芒種,190206070120
1902,小暑,190207081147
1902,立秋,190208082122
1902,白露,190209082347
1902,寒露,190210091445
1902,立冬,190211081718
1902,大雪,190212080941
1903,小寒,190301062044
1903,立春,190302050831
1903,驚蟄,190303070259
1903,淸明,190304060826
1903,立夏,190305070226
1903,芒種,190306070707
1903,小暑,190307081737
1903,立秋,190308090316
1903,白露,190309090542
1903,寒露,190310092042
1903,立冬,190311082313
1903,大雪,190312081535
1904,小寒,190401070237
1904,立春,190402051424
1904,驚蟄,190403060852
1904,淸明,190404051419
1904,立夏,190405060819
1904,芒種,190406061301
1904,小暑,190407072332
1904,立秋,190408080912
1904,白露,190409081138
1904,寒露,190410090236
1904,立冬,190411080505
1904,大雪,190412072125
1905,小寒,190501060827
1905,立春,190502042016
1905,驚蟄,190503061446
1905,淸明,190504052015
1905,立夏,190505061414
1905,芒種,190506061854
1905,小暑,190507080520
1905,立秋,190508081457
1905,白露,190509081722
1905,寒露,190510090820
1905,立冬,190511081050
1905,大雪,190512080311
1906,小寒,190601061413
1906,立春,190602050204
1906,驚蟄,190603062036
1906,淸明,190604060207
1906,立夏,190605062009
1906,芒種,190606070049
1906,小暑,190607081116
1906,立秋,190608082052
1906,白露,190609082316
1906,寒露,190610091415
1906,立冬,190611081647
1906,大雪,190612080909
1907,小寒,190701062011
1907,立春,190702050759
1907,驚蟄,190703070227
1907,淸明,190704060755
1907,立夏,190705070154
1907,芒種,190706070633
1907,小暑,190707081659
1907,立秋,190708090236
1907,白露,190709090502
1907,寒露,190710092003
1907,立冬,190711082236
1907,大雪,190712081459
1908,小寒,190801070201
1908,立春,190802051347
1908,驚蟄,190803060814
1908,淸明,190804051340
1908,立夏,190805060739
1908,芒種,190806061219
1908,小暑,190807072248
1908,立秋,190808080827
1908,白露,190809081052
1908,寒露,190810090151
1908,立冬,190811080422
1908,大雪,190812072044
1909,小寒,190901060745
1909,立春,190902041933
1909,驚蟄,190903061401
1909,淸明,190904051930
1909,立夏,190905061331
1909,芒種,190906061814
1909,小暑,190907080444
1909,立秋,190908081423
1909,白露,190909081647
1909,寒露,190910090743
1909,立冬,190911081013
1909,大雪,190912080235
1910,小寒,191001061338
1910,立春,191002050127
1910,驚蟄,191003061957
1910,淸明,191004060123
1910,立夏,191005061920
1910,芒種,191006062357
1910,小暑,191007081021
1910,立秋,191008081957
1910,白露,191009082222
1910,寒露,191010091321
1910,立冬,191011081553
1910,大雪,191012080817
1911,小寒,191101061921
1911,立春,191102050710
1911,驚蟄,191103070139
1911,淸明,191104060705
1911,立夏,191105070101
1911,芒種,191106070538
1911,小暑,191107081605
1911,立秋,191108090145
1911,白露,191109090413
1911,寒露,191110091915
1911,立冬,191111082147
1911,大雪,191112081408
1912,小寒,191201070107
1912,立春,191202051254
1912,驚蟄,191203060721
1912,淸明,191204051248
1912,立夏,191205060647
1912,芒種,191206061128
1912,小暑,191207072157
1912,立秋,191208080737
1912,白露,191209081006
1912,寒露,191210090107
1912,立冬,191211080339
1912,大雪,191212071959
1913,小寒,191301060658
1913,立春,191302041843
1913,驚蟄,191303061309
1913,淸明,191304051836
1913,立夏,191305061235
1913,芒種,191306061714
1913,小暑,191307080339
1913,立秋,191308081316
1913,白露,191309081543
1913,寒露,191310090644
1913,立冬,191311080918
1913,大雪,191312080141
1914,小寒,191401061243
1914,立春,191402050029
1914,驚蟄,191403061856
1914,淸明,191404060022
1914,立夏,191405061820
1914,芒種,191406062300
1914,小暑,191407080928
1914,立秋,191408081905
1914,白露,191409082133
1914,寒露,191410091235
1914,立冬,191411081511
1914,大雪,191412080737
1915,小寒,191501061840
1915,立春,191502050625
1915,驚蟄,191503070048
1915,淸明,191504060609
1915,立夏,191505070003
1915,芒種,191506070440
1915,小暑,191507081508
1915,立秋,191508090048
1915,白露,191509090317
1915,寒露,191510091821
1915,立冬,191511082058
1915,大雪,191512081324
1916,小寒,191601070028
1916,立春,191602051214
1916,驚蟄,191603060637
1916,淸明,191604051158
1916,立夏,191605060550
1916,芒種,191606061026
1916,小暑,191607072054
1916,立秋,191608080635
1916,白露,191609080905
1916,寒露,191610090008
1916,立冬,191611080242
1916,大雪,191612071906
1917,小寒,191701060609
1917,立春,191702041758
1917,驚蟄,191703061225
1917,淸明,191704051750
1917,立夏,191705061146
1917,芒種,191706061623
1917,小暑,191707080250
1917,立秋,191708081230
1917,白露,191709081500
1917,寒露,191710090602
1917,立冬,191711080837
1917,大雪,191712080101
1918,小寒,191801061204
1918,立春,191802042353
1918,驚蟄,191803061821
1918,淸明,191804052345
1918,立夏,191805061738
1918,芒種,191806062211
1918,小暑,191807080832
1918,立秋,191808081808
1918,白露,191809082036
1918,寒露,191810091140
1918,立冬,191811081419
1918,大雪,191812080646
1919,小寒,191901061751
1919,立春,191902050539
1919,驚蟄,191903070006
1919,淸明,191904060529
1919,立夏,191905062322
1919,芒種,191906070357
1919,小暑,191907081421
1919,立秋,191908082358
1919,白露,191909090228
1919,寒露,191910091733
1919,立冬,191911082011
1919,大雪,191912081238
1920,小寒,192001062341
1920,立春,192002051126
1920,驚蟄,192003060551
1920,淸明,192004051115
1920,立夏,192005060512
1920,芒種,192006060951
1920,小暑,192007072019
1920,立秋,192008080558
1920,白露,192009080827
1920,寒露,192010082329
1920,立冬,192011080205
1920,大雪,192012071830
1921,小寒,192101060534
1921,立春,192102041720
1921,驚蟄,192103061145
1921,淸明,192104051709
1921,立夏,192105061105
1921,芒種,192106061542
1921,小暑,192107080207
1921,立秋,192108081144
1921,白露,192109081410
1921,寒露,192110090511
1921,立冬,192111080745
1921,大雪,192112080011
1922,小寒,192201061117
1922,立春,192202042306
1922,驚蟄,192203061734
1922,淸明,192204052258
1922,立夏,192205061653
1922,芒種,192206062131
1922,小暑,192207080758
1922,立秋,192208081737
1922,白露,192209082006
1922,寒露,192210091109
1922,立冬,192211081345
1922,大雪,192212080610
1923,小寒,192301061714
1923,立春,192302050500
1923,驚蟄,192303062324
1923,淸明,192304060446
1923,立夏,192305062239
1923,芒種,192306070315
1923,小暑,192307081342
1923,立秋,192308082325
1923,白露,192309090157
1923,寒露,192310091703
1923,立冬,192311081940
1923,大雪,192312081204
1924,小寒,192401062306
1924,立春,192402051050
1924,驚蟄,192403060512
1924,淸明,192404051033
1924,立夏,192405060426
1924,芒種,192406060902
1924,小暑,192407071930
1924,立秋,192408080512
1924,白露,192409080746
1924,寒露,192410082252
1924,立冬,192411080129
1924,大雪,192412071753
1925,小寒,192501060453
1925,立春,192502041637
1925,驚蟄,192503061100
1925,淸明,192504051623
1925,立夏,192505061018
1925,芒種,192506061457
1925,小暑,192507080125
1925,立秋,192508081107
1925,白露,192509081340
1925,寒露,192510090447
1925,立冬,192511080726
1925,大雪,192512072352
1926,小寒,192601061054
1926,立春,192602042238
1926,驚蟄,192603061700
1926,淸明,192604052218
1926,立夏,192605061609
1926,芒種,192606062042
1926,小暑,192607080706
1926,立秋,192608081644
1926,白露,192609081916
1926,寒露,192610091025
1926,立冬,192611081308
1926,大雪,192612080539
1927,小寒,192701061645
1927,立春,192702050430
1927,驚蟄,192703062250
1927,淸明,192704060406
1927,立夏,192705062153
1927,芒種,192706070225
1927,小暑,192707081250
1927,立秋,192708082232
1927,白露,192709090106
1927,寒露,192710091615
1927,立冬,192711081857
1927,大雪,192712081126
1928,小寒,192801062231
1928,立春,192802051016
1928,驚蟄,192803060437
1928,淸明,192804050955
1928,立夏,192805060344
1928,芒種,192806060817
1928,小暑,192807071844
1928,立秋,192808080428
1928,白露,192809080702
1928,寒露,192810082210
1928,立冬,192811080049
1928,大雪,192812071717
1929,小寒,192901060422
1929,立春,192902041609
1929,驚蟄,192903061032
1929,淸明,192904051551
1929,立夏,192905060941
1929,芒種,192906061411
1929,小暑,192907080032
1929,立秋,192908081009
1929,白露,192909081240
1929,寒露,192910090347
1929,立冬,192911080627
1929,大雪,192912072256
1930,小寒,193001061002
1930,立春,193002042151
1930,驚蟄,193003061617
1930,淸明,193004052137
1930,立夏,193005061527
1930,芒種,193006061958
1930,小暑,193007080620
1930,立秋,193008081557
1930,白露,193009081829
1930,寒露,193010090937
1930,立冬,193011081220
1930,大雪,193012080450
1931,小寒,193101061556
1931,立春,193102050341
1931,驚蟄,193103062202
1931,淸明,193104060321
1931,立夏,193105062110
1931,芒種,193106070142
1931,小暑,193107081206
1931,立秋,193108082145
1931,白露,193109090017
1931,寒露,193110091527
1931,立冬,193111081810
1931,大雪,193112081040
1932,小寒,193201062145
1932,立春,193202050929
1932,驚蟄,193203060349
1932,淸明,193204050906
1932,立夏,193205060255
1932,芒種,193206060728
1932,小暑,193207071752
1932,立秋,193208080332
1932,白露,193209080603
1932,寒露,193210082110
1932,立冬,193211072350
1932,大雪,193212071618
1933,小寒,193301060323
1933,立春,193302041509
1933,驚蟄,193303060931
1933,淸明,193304051451
1933,立夏,193305060842
1933,芒種,193306061318
1933,小暑,193307072345
1933,立秋,193308080926
1933,白露,193309081158
1933,寒露,193310090304
1933,立冬,193311080543
1933,大雪,193312072211
1934,小寒,193401060916
1934,立春,193402042104
1934,驚蟄,193403061526
1934,淸明,193404052044
1934,立夏,193405061431
1934,芒種,193406061902
1934,小暑,193407080525
1934,立秋,193408081504
1934,白露,193409081736
1934,寒露,193410090845
1934,立冬,193411081127
1934,大雪,193412080356
1935,小寒,193501061502
1935,立春,193502050249
1935,驚蟄,193503062110
1935,淸明,193504060226
1935,立夏,193505062012
1935,芒種,193506070042
1935,小暑,193507081106
1935,立秋,193508082048
1935,白露,193509082324
1935,寒露,193510091436
1935,立冬,193511081717
1935,大雪,193512080945
1936,小寒,193601062047
1936,立春,193602050829
1936,驚蟄,193603060249
1936,淸明,193604050807
1936,立夏,193605060157
1936,芒種,193606060631
1936,小暑,193607071658
1936,立秋,193608080243
1936,白露,193609080521
1936,寒露,193610082033
1936,立冬,193611072315
1936,大雪,193612071542
1937,小寒,193701060244
1937,立春,193702041426
1937,驚蟄,193703060844
1937,淸明,193704051401
1937,立夏,193705060751
1937,芒種,193706061223
1937,小暑,193707072246
1937,立秋,193708080826
1937,白露,193709081059
1937,寒露,193710090211
1937,立冬,193711080455
1937,大雪,193712072126
1938,小寒,193801060831
1938,立春,193802042015
1938,驚蟄,193803061434
1938,淸明,193804051949
1938,立夏,193805061335
1938,芒種,193806061807
1938,小暑,193807080432
1938,立秋,193808081413
1938,白露,193809081648
1938,寒露,193810090801
1938,立冬,193811081048
1938,大雪,193812080322
1939,小寒,193901061428
1939,立春,193902050210
1939,驚蟄,193903062026
1939,淸明,193904060138
1939,立夏,193905061921
1939,芒種,193906062352
1939,小暑,193907081018
1939,立秋,193908082004
1939,白露,193909082242
1939,寒露,193910091357
1939,立冬,193911081643
1939,大雪,193912080917
1940,小寒,194001062024
1940,立春,194002050808
1940,驚蟄,194003060224
1940,淸明,194004050735
1940,立夏,194005060116
1940,芒種,194006060544
1940,小暑,194007071608
1940,立秋,194008080152
1940,白露,194009080429
1940,寒露,194010081942
1940,立冬,194011072227
1940,大雪,194012071458
1941,小寒,194101060204
1941,立春,194102041350
1941,驚蟄,194103060810
1941,淸明,194104051325
1941,立夏,194105060710
1941,芒種,194106061139
1941,小暑,194107072203
1941,立秋,194108080746
1941,白露,194109081024
1941,寒露,194110090138
1941,立冬,194111080424
1941,大雪,194112072056
1942,小寒,194201060802
1942,立春,194202041949
1942,驚蟄,194203061409
1942,淸明,194204051924
1942,立夏,194205061307
1942,芒種,194206061733
1942,小暑,194207080352
1942,立秋,194208081330
1942,白露,194209081606
1942,寒露,194210090722
1942,立冬,194211081011
1942,大雪,194212080247
1943,小寒,194301061355
1943,立春,194302050140
1943,驚蟄,194303061959
1943,淸明,194304060111
1943,立夏,194305061854
1943,芒種,194306062319
1943,小暑,194307080939
1943,立秋,194308081919
1943,白露,194309082155
1943,寒露,194310091311
1943,立冬,194311081559
1943,大雪,194312080833
1944,小寒,194401061939
1944,立春,194402050723
1944,驚蟄,194403060140
1944,淸明,194404050654
1944,立夏,194405060040
1944,芒種,194406060511
1944,小暑,194407071536
1944,立秋,194408080119
1944,白露,194409080356
1944,寒露,194410081909
1944,立冬,194411072155
1944,大雪,194412071428
1945,小寒,194501060134
1945,立春,194502041319
1945,驚蟄,194503060738
1945,淸明,194504051252
1945,立夏,194505060637
1945,芒種,194506061106
1945,小暑,194507072127
1945,立秋,194508080705
1945,白露,194509080938
1945,寒露,194510090049
1945,立冬,194511080334
1945,大雪,194512072008
1946,小寒,194601060716
1946,立春,194602041904
1946,驚蟄,194603061325
1946,淸明,194604051839
1946,立夏,194605061222
1946,芒種,194606061649
1946,小暑,194607080311
1946,立秋,194608081252
1946,白露,194609081527
1946,寒露,194610090641
1946,立冬,194611080927
1946,大雪,194612080200
1947,小寒,194701061306
1947,立春,194702050050
1947,驚蟄,194703061908
1947,淸明,194704060020
1947,立夏,194705061803
1947,芒種,194706062231
1947,小暑,194707080856
1947,立秋,194708081841
1947,白露,194709082121
1947,寒露,194710091237
1947,立冬,194711081524
1947,大雪,194712080756
1948,小寒,194801061900
1948,立春,194802050642
1948,驚蟄,194803060058
1948,淸明,194804050609
1948,立夏,194805052352
1948,芒種,194806060421
1948,小暑,194807071444
1948,立秋,194808080026
1948,白露,194809080305
1948,寒露,194810081820
1948,立冬,194811072106
1948,大雪,194812071338
1949,小寒,194901060041
1949,立春,194902041223
1949,驚蟄,194903060639
1949,淸明,194904051152
1949,立夏,194905060537
1949,芒種,194906061007
1949,小暑,194907072032
1949,立秋,194908080615
1949,白露,194909080854
1949,寒露,194910090011
1949,立冬,194911080300
1949,大雪,194912071933
1950,小寒,195001060639
1950,立春,195002041821
1950,驚蟄,195003061235
1950,淸明,195004051745
1950,立夏,195005061125
1950,芒種,195006061551
1950,小暑,195007080213
1950,立秋,195008081155
1950,白露,195009081434
1950,寒露,195010090552
1950,立冬,195011080844
1950,大雪,195012080121
1951,小寒,195101061230
1951,立春,195102050013
1951,驚蟄,195103061827
1951,淸明,195104052333
1951,立夏,195105061709
1951,芒種,195106062133
1951,小暑,195107080754
1951,立秋,195108081738
1951,白露,195109082018
1951,寒露,195110091136
1951,立冬,195111081427
1951,大雪,195112080702
1952,小寒,195201061810
1952,立春,195202050553
1952,驚蟄,195203060007
1952,淸明,195204050515
1952,立夏,195205052254
1952,芒種,195206060320
1952,小暑,195207071345
1952,立秋,195208072331
1952,白露,195209080214
1952,寒露,195210081732
1952,立冬,195211072022
1952,大雪,195212071255
1953,小寒,195301060002
1953,立春,195302041146
1953,驚蟄,195303060602
1953,淸明,195304051113
1953,立夏,195305060453
1953,芒種,195306060916
1953,小暑,195307071935
1953,立秋,195308080515
1953,白露,195309080753
1953,寒露,195310082310
1953,立冬,195311080201
1953,大雪,195312071837
1954,小寒,195401060545
1954,立春,195402041731
1954,驚蟄,195403061149
1954,淸明,195404051659
1954,立夏,195405061038
1954,芒種,195406061501
1954,小暑,195407080119
1954,立秋,195408081059
1954,白露,195409081338
1954,寒露,195410090457
1954,立冬,195411080750
1954,大雪,195412080028
1955,小寒,195501061136
1955,立春,195502042318
1955,驚蟄,195503061731
1955,淸明,195504052239
1955,立夏,195505061618
1955,芒種,195506062044
1955,小暑,195507080706
1955,立秋,195508081650
1955,白露,195509081932
1955,寒露,195510091052
1955,立冬,195511081345
1955,大雪,195512080623
1956,小寒,195601061730
1956,立春,195602050512
1956,驚蟄,195603052325
1956,淸明,195604050431
1956,立夏,195605052210
1956,芒種,195606060236
1956,小暑,195607071258
1956,立秋,195608072240
1956,白露,195609080119
1956,寒露,195610081636
1956,立冬,195611071926
1956,大雪,195612071202
1957,小寒,195701052310
1957,立春,195702041055
1957,驚蟄,195703060510
1957,淸明,195704051019
1957,立夏,195705060359
1957,芒種,195706060825
1957,小暑,195707071848
1957,立秋,195708080432
1957,白露,195709080712
1957,寒露,195710082230
1957,立冬,195711080120
1957,大雪,195712071756
1958,小寒,195801060504
1958,立春,195802041649
1958,驚蟄,195803061105
1958,淸明,195804051612
1958,立夏,195805060949
1958,芒種,195806061412
1958,小暑,195807080034
1958,立秋,195808081017
1958,白露,195809081259
1958,寒露,195810090419
1958,立冬,195811080712
1958,大雪,195812072349
1959,小寒,195901061058
1959,立春,195902042242
1959,驚蟄,195903061657
1959,淸明,195904052203
1959,立夏,195905061539
1959,芒種,195906062000
1959,小暑,195907080620
1959,立秋,195908081604
1959,白露,195909081848
1959,寒露,195910091010
1959,立冬,195911081302
1959,大雪,195912080537
1960,小寒,196001061642
1960,立春,196002050423
1960,驚蟄,196003052236
1960,淸明,196004050344
1960,立夏,196005052123
1960,芒種,196006060149
1960,小暑,196007071213
1960,立秋,196008072200
1960,白露,196009080045
1960,寒露,196010081609
1960,立冬,196011071902
1960,大雪,196012071138
1961,小寒,196101052242
1961,立春,196102041022
1961,驚蟄,196103060435
1961,淸明,196104050942
1961,立夏,196105060321
1961,芒種,196106060746
1961,小暑,196107071807
1961,立秋,196108080348
1961,白露,196109080629
1961,寒露,196110082151
1961,立冬,196111080046
1961,大雪,196112071726
1962,小寒,196201060435
1962,立春,196202041617
1962,驚蟄,196203061030
1962,淸明,196204051534
1962,立夏,196205060910
1962,芒種,196206061331
1962,小暑,196207072351
1962,立秋,196208080934
1962,白露,196209081215
1962,寒露,196210090338
1962,立冬,196211080635
1962,大雪,196212072317
1963,小寒,196301061026
1963,立春,196302042208
1963,驚蟄,196303061617
1963,淸明,196304052119
1963,立夏,196305061452
1963,芒種,196306061915
1963,小暑,196307080538
1963,立秋,196308081526
1963,白露,196309081812
1963,寒露,196310090936
1963,立冬,196311081232
1963,大雪,196312080513
1964,小寒,196401061622
1964,立春,196402050405
1964,驚蟄,196403052216
1964,淸明,196404050318
1964,立夏,196405052051
1964,芒種,196406060112
1964,小暑,196407071132
1964,立秋,196408072116
1964,白露,196409080000
1964,寒露,196410081522
1964,立冬,196411071815
1964,大雪,196412071053
1965,小寒,196501052202
1965,立春,196502040946
1965,驚蟄,196503060401
1965,淸明,196504050907
1965,立夏,196505060242
1965,芒種,196506060702
1965,小暑,196507071722
1965,立秋,196508080305
1965,白露,196509080548
1965,寒露,196510082111
1965,立冬,196511080006
1965,大雪,196512071645
1966,小寒,196601060354
1966,立春,196602041538
1966,驚蟄,196603060951
1966,淸明,196604051457
1966,立夏,196605060831
1966,芒種,196606061250
1966,小暑,196607072307
1966,立秋,196608080849
1966,白露,196609081132
1966,寒露,196610090257
1966,立冬,196611080555
1966,大雪,196612072238
1967,小寒,196701060948
1967,立春,196702042131
1967,驚蟄,196703061542
1967,淸明,196704052045
1967,立夏,196705061418
1967,芒種,196706061836
1967,小暑,196707080453
1967,立秋,196708081435
1967,白露,196709081718
1967,寒露,196710090841
1967,立冬,196711081137
1967,大雪,196712080417
1968,小寒,196801061526
1968,立春,196802050307
1968,驚蟄,196803052118
1968,淸明,196804050221
1968,立夏,196805051956
1968,芒種,196806060019
1968,小暑,196807071042
1968,立秋,196808072027
1968,白露,196809072311
1968,寒露,196810081434
1968,立冬,196811071729
1968,大雪,196812071008
1969,小寒,196901052117
1969,立春,196902040859
1969,驚蟄,196903060311
1969,淸明,196904050815
1969,立夏,196905060150
1969,芒種,196906060612
1969,小暑,196907071632
1969,立秋,196908080214
1969,白露,196909080455
1969,寒露,196910082017
1969,立冬,196911072311
1969,大雪,196912071551
1970,小寒,197001060302
1970,立春,197002041446
1970,驚蟄,197003060858
1970,淸明,197004051402
1970,立夏,197005060734
1970,芒種,197006061152
1970,小暑,197007072211
1970,立秋,197008080754
1970,白露,197009081038
1970,寒露,197010090202
1970,立冬,197011080458
1970,大雪,197012072137
1971,小寒,197101060845
1971,立春,197102042025
1971,驚蟄,197103061435
1971,淸明,197104051936
1971,立夏,197105061308
1971,芒種,197106061729
1971,小暑,197107080351
1971,立秋,197108081340
1971,白露,197109081630
1971,寒露,197110090759
1971,立冬,197111081057
1971,大雪,197112080336
1972,小寒,197201061442
1972,立春,197202050220
1972,驚蟄,197203052028
1972,淸明,197204050129
1972,立夏,197205051901
1972,芒種,197206052322
1972,小暑,197207070943
1972,立秋,197208071929
1972,白露,197209072215
1972,寒露,197210081342
1972,立冬,197211071639
1972,大雪,197212070919
1973,小寒,197301052025
1973,立春,197302040804
1973,驚蟄,197303060213
1973,淸明,197304050714
1973,立夏,197305060047
1973,芒種,197306060507
1973,小暑,197307071528
1973,立秋,197308080113
1973,白露,197309080359
1973,寒露,197310081927
1973,立冬,197311072228
1973,大雪,197312071510
1974,小寒,197401060220
1974,立春,197402041400
1974,驚蟄,197403060807
1974,淸明,197404051305
1974,立夏,197405060634
1974,芒種,197406061052
1974,小暑,197407072111
1974,立秋,197408080657
1974,白露,197409080945
1974,寒露,197410090115
1974,立冬,197411080418
1974,大雪,197412072104
1975,小寒,197501060817
1975,立春,197502041959
1975,驚蟄,197503061406
1975,淸明,197504051902
1975,立夏,197505061227
1975,芒種,197506061642
1975,小暑,197507080300
1975,立秋,197508081245
1975,白露,197509081533
1975,寒露,197510090702
1975,立冬,197511081003
1975,大雪,197512080246
1976,小寒,197601061357
1976,立春,197602050139
1976,驚蟄,197603051948
1976,淸明,197604050046
1976,立夏,197605051815
1976,芒種,197606052231
1976,小暑,197607070851
1976,立秋,197608071838
1976,白露,197609072128
1976,寒露,197610081258
1976,立冬,197611071558
1976,大雪,197612070841
1977,小寒,197701051951
1977,立春,197702040733
1977,驚蟄,197703060144
1977,淸明,197704050646
1977,立夏,197705060016
1977,芒種,197706060432
1977,小暑,197707071448
1977,立秋,197708080030
1977,白露,197709080316
1977,寒露,197710081844
1977,立冬,197711072146
1977,大雪,197712071431
1978,小寒,197801060143
1978,立春,197802041327
1978,驚蟄,197803060738
1978,淸明,197804051239
1978,立夏,197805060609
1978,芒種,197806061023
1978,小暑,197807072037
1978,立秋,197808080618
1978,白露,197809080902
1978,寒露,197810090031
1978,立冬,197811080334
1978,大雪,197812072020
1979,小寒,197901060731
1979,立春,197902041912
1979,驚蟄,197903061320
1979,淸明,197904051818
1979,立夏,197905061147
1979,芒種,197906061605
1979,小暑,197907080225
1979,立秋,197908081211
1979,白露,197909081500
1979,寒露,197910090630
1979,立冬,197911080933
1979,大雪,197912080218
1980,小寒,198001061329
1980,立春,198002050109
1980,驚蟄,198003051916
1980,淸明,198004050015
1980,立夏,198005051745
1980,芒種,198006052204
1980,小暑,198007070824
1980,立秋,198008071809
1980,白露,198009072053
1980,寒露,198010081219
1980,立冬,198011071518
1980,大雪,198012070801
1981,小寒,198101051912
1981,立春,198102040655
1981,驚蟄,198103060105
1981,淸明,198104050605
1981,立夏,198105052335
1981,芒種,198106060353
1981,小暑,198107071412
1981,立秋,198108072357
1981,白露,198109080243
1981,寒露,198110081809
1981,立冬,198111072108
1981,大雪,198112071351
1982,小寒,198201060102
1982,立春,198202041245
1982,驚蟄,198203060655
1982,淸明,198204051153
1982,立夏,198205060520
1982,芒種,198206060936
1982,小暑,198207071955
1982,立秋,198208080542
1982,白露,198209080832
1982,寒露,198210090002
1982,立冬,198211080304
1982,大雪,198212071948
1983,小寒,198301060659
1983,立春,198302041840
1983,驚蟄,198303061247
1983,淸明,198304051744
1983,立夏,198305061111
1983,芒種,198306061526
1983,小暑,198307080143
1983,立秋,198308081130
1983,白露,198309081420
1983,寒露,198310090551
1983,立冬,198311080852
1983,大雪,198312080134
1984,小寒,198401061241
1984,立春,198402050019
1984,驚蟄,198403051825
1984,淸明,198404042322
1984,立夏,198405051651
1984,芒種,198406052109
1984,小暑,198407070729
1984,立秋,198408071718
1984,白露,198409072010
1984,寒露,198410081143
1984,立冬,198411071445
1984,大雪,198412070728
1985,小寒,198501051835
1985,立春,198502040612
1985,驚蟄,198503060016
1985,淸明,198504050514
1985,立夏,198505052243
1985,芒種,198506060300
1985,小暑,198507071319
1985,立秋,198508072304
1985,白露,198509080153
1985,寒露,198510081724
1985,立冬,198511072029
1985,大雪,198512071316
1986,小寒,198601060028
1986,立春,198602041208
1986,驚蟄,198603060612
1986,淸明,198604051106
1986,立夏,198605060431
1986,芒種,198606060845
1986,小暑,198607071901
1986,立秋,198608080446
1986,白露,198609080735
1986,寒露,198610082307
1986,立冬,198611080213
1986,大雪,198612071901
1987,小寒,198701060613
1987,立春,198702041752
1987,驚蟄,198703061154
1987,淸明,198704051644
1987,立夏,198705061006
1987,芒種,198706061419
1987,小暑,198707080039
1987,立秋,198708081029
1987,白露,198709081324
1987,寒露,198710090500
1987,立冬,198711080806
1987,大雪,198712080052
1988,小寒,198801061203
1988,立春,198802042343
1988,驚蟄,198803051747
1988,淸明,198804042239
1988,立夏,198805051602
1988,芒種,198806052015
1988,小暑,198807070633
1988,立秋,198808071620
1988,白露,198809071912
1988,寒露,198810081044
1988,立冬,198811071349
1988,大雪,198812070634
1989,小寒,198901051746
1989,立春,198902040527
1989,驚蟄,198903052334
1989,淸明,198904050430
1989,立夏,198905052154
1989,芒種,198906060206
1989,小暑,198907071220
1989,立秋,198908072204
1989,白露,198909080054
1989,寒露,198910081627
1989,立冬,198911071933
1989,大雪,198912071221
1990,小寒,199001052333
1990,立春,199002041114
1990,驚蟄,199003060519
1990,淸明,199004051013
1990,立夏,199005060336
1990,芒種,199006060746
1990,小暑,199007071801
1990,立秋,199008080346
1990,白露,199009080638
1990,寒露,199010082214
1990,立冬,199011080123
1990,大雪,199012071814
1991,小寒,199101060528
1991,立春,199102041708
1991,驚蟄,199103061112
1991,淸明,199104051605
1991,立夏,199105060927
1991,芒種,199106061338
1991,小暑,199107072353
1991,立秋,199108080937
1991,白露,199109081227
1991,寒露,199110090401
1991,立冬,199111080708
1991,大雪,199112072356
1992,小寒,199201061108
1992,立春,199202042248
1992,驚蟄,199203051652
1992,淸明,199204042145
1992,立夏,199205051509
1992,芒種,199206051923
1992,小暑,199207070540
1992,立秋,199208071528
1992,白露,199209071818
1992,寒露,199210080951
1992,立冬,199211071257
1992,大雪,199212070544
1993,小寒,199301051656
1993,立春,199302040437
1993,驚蟄,199303052243
1993,淸明,199304050337
1993,立夏,199305052102
1993,芒種,199306060115
1993,小暑,199307071132
1993,立秋,199308072118
1993,白露,199309080008
1993,寒露,199310081540
1993,立冬,199311071845
1993,大雪,199312071134
1994,小寒,199401052248
1994,立春,199402041031
1994,驚蟄,199403060438
1994,淸明,199404050932
1994,立夏,199405060254
1994,芒種,199406060705
1994,小暑,199407071719
1994,立秋,199408080304
1994,白露,199409080555
1994,寒露,199410082129
1994,立冬,199411080036
1994,大雪,199412071723
1995,小寒,199501060434
1995,立春,199502041613
1995,驚蟄,199503061016
1995,淸明,199504051508
1995,立夏,199505060830
1995,芒種,199506061243
1995,小暑,199507072301
1995,立秋,199508080852
1995,白露,199509081149
1995,寒露,199510090327
1995,立冬,199511080635
1995,大雪,199512072322
1996,小寒,199601061031
1996,立春,199602042208
1996,驚蟄,199603051610
1996,淸明,199604042102
1996,立夏,199605051426
1996,芒種,199606051841
1996,小暑,199607070500
1996,立秋,199608071449
1996,白露,199609071742
1996,寒露,199610080919
1996,立冬,199611071226
1996,大雪,199612070514
1997,小寒,199701051624
1997,立春,199702040402
1997,驚蟄,199703052204
1997,淸明,199704050256
1997,立夏,199705052020
1997,芒種,199706060033
1997,小暑,199707071050
1997,立秋,199708072036
1997,白露,199709072329
1997,寒露,199710081505
1997,立冬,199711071814
1997,大雪,199712071105
1998,小寒,199801052218
1998,立春,199802040957
1998,驚蟄,199803060357
1998,淸明,199804050845
1998,立夏,199805060203
1998,芒種,199806060614
1998,小暑,199807071631
1998,立秋,199808080220
1998,白露,199809080516
1998,寒露,199810082056
1998,立冬,199811080008
1998,大雪,199812071701
1999,小寒,199901060417
1999,立春,199902041557
1999,驚蟄,199903060958
1999,淸明,199904051445
1999,立夏,199905060801
1999,芒種,199906061209
1999,小暑,199907072225
1999,立秋,199908080814
1999,白露,199909081110
1999,寒露,199910090248
1999,立冬,199911080558
1999,大雪,199912072247
2000,小寒,200001061001
2000,立春,200002042140
2000,驚蟄,200003051543
2000,淸明,200004042032
2000,立夏,200005051350
2000,芒種,200006051759
2000,小暑,200007070414
2000,立秋,200008071403
2000,白露,200009071659
2000,寒露,200010080838
2000,立冬,200011071148
2000,大雪,200012070437
2001,小寒,200101051549
2001,立春,200102040329
2001,驚蟄,200103052132
2001,淸明,200104050224
2001,立夏,200105051945
2001,芒種,200106052354
2001,小暑,200107071007
2001,立秋,200108071952
2001,白露,200109072246
2001,寒露,200110081425
2001,立冬,200111071737
2001,大雪,200112071029
2002,小寒,200201052143
2002,立春,200202040924
2002,驚蟄,200203060328
2002,淸明,200204050818
2002,立夏,200205060137
2002,芒種,200206060545
2002,小暑,200207071556
2002,立秋,200208080139
2002,白露,200209080431
2002,寒露,200210082009
2002,立冬,200211072322
2002,大雪,200212071614
2003,小寒,200301060328
2003,立春,200302041505
2003,驚蟄,200303060905
2003,淸明,200304051353
2003,立夏,200305060711
2003,芒種,200306061120
2003,小暑,200307072136
2003,立秋,200308080724
2003,白露,200309081020
2003,寒露,200310090201
2003,立冬,200311080513
2003,大雪,200312072205
2004,小寒,200401060918
2004,立春,200402042056
2004,驚蟄,200403051456
2004,淸明,200404041943
2004,立夏,200405051303
2004,芒種,200406051714
2004,小暑,200407070331
2004,立秋,200408071320
2004,白露,200409071613
2004,寒露,200410080749
2004,立冬,200411071058
2004,大雪,200412070349
2005,小寒,200501051503
2005,立春,200502040243
2005,驚蟄,200503052045
2005,淸明,200504050134
2005,立夏,200505051853
2005,芒種,200506052302
2005,小暑,200507070917
2005,立秋,200508071903
2005,白露,200509072157
2005,寒露,200510081333
2005,立冬,200511071642
2005,大雪,200512070933
2006,小寒,200601052047
2006,立春,200602040827
2006,驚蟄,200603060229
2006,淸明,200604050716
2006,立夏,200605060031
2006,芒種,200606060437
2006,小暑,200607071452
2006,立秋,200608080041
2006,白露,200609080339
2006,寒露,200610081921
2006,立冬,200611072235
2006,大雪,200612071527
2007,小寒,200701060240
2007,立春,200702041418
2007,驚蟄,200703060818
2007,淸明,200704051305
2007,立夏,200705060620
2007,芒種,200706061027
2007,小暑,200707072042
2007,立秋,200708080631
2007,白露,200709080930
2007,寒露,200710090111
2007,立冬,200711080424
2007,大雪,200712072114
2008,小寒,200801060825
2008,立春,200802042000
2008,驚蟄,200803051359
2008,淸明,200804041846
2008,立夏,200805051204
2008,芒種,200806051612
2008,小暑,200807070227
2008,立秋,200808071216
2008,白露,200809071514
2008,寒露,200810080657
2008,立冬,200811071010
2008,大雪,200812070302
2009,小寒,200901051414
2009,立春,200902040150
2009,驚蟄,200903051947
2009,淸明,200904050034
2009,立夏,200905051751
2009,芒種,200906052159
2009,小暑,200907070814
2009,立秋,200908071801
2009,白露,200909072058
2009,寒露,200910081240
2009,立冬,200911071556
2009,大雪,200912070852
2010,小寒,201001052009
2010,立春,201002040748
2010,驚蟄,201003060146
2010,淸明,201004050631
2010,立夏,201005052344
2010,芒種,201006060350
2010,小暑,201007071403
2010,立秋,201008072349
2010,白露,201009080245
2010,寒露,201010081826
2010,立冬,201011072142
2010,大雪,201012071438
2011,小寒,201101060155
2011,立春,201102041333
2011,驚蟄,201103060730
2011,淸明,201104051212
2011,立夏,201105060523
2011,芒種,201106060928
2011,小暑,201107071942
2011,立秋,201108080534
2011,白露,201109080834
2011,寒露,201110090019
2011,立冬,201111080335
2011,大雪,201112072029
2012,小寒,201201060744
2012,立春,201202041922
2012,驚蟄,201203051321
2012,淸明,201204041806
2012,立夏,201205051120
2012,芒種,201206051526
2012,小暑,201207070141
2012,立秋,201208071131
2012,白露,201209071429
2012,寒露,201210080612
2012,立冬,201211070926
2012,大雪,201212070219
2013,小寒,201301051334
2013,立春,201302040113
2013,驚蟄,201303051915
2013,淸明,201304050003
2013,立夏,201305051718
2013,芒種,201306052124
2013,小暑,201307070735
2013,立秋,201308071720
2013,白露,201309072016
2013,寒露,201310081158
2013,立冬,201311071514
2013,大雪,201312070808
2014,小寒,201401051924
2014,立春,201402040703
2014,驚蟄,201403060102
2014,淸明,201404050547
2014,立夏,201405052300
2014,芒種,201406060303
2014,小暑,201407071315
2014,立秋,201408072303
2014,白露,201409080201
2014,寒露,201410081747
2014,立冬,201411072107
2014,大雪,201412071404
2015,小寒,201501060120
2015,立春,201502041258
2015,驚蟄,201503060656
2015,淸明,201504051139
2015,立夏,201505060453
2015,芒種,201506060858
2015,小暑,201507071912
2015,立秋,201508080502
2015,白露,201509080800
2015,寒露,201510082343
2015,立冬,201511080258
2015,大雪,201512071953
2016,小寒,201601060708
2016,立春,201602041846
2016,驚蟄,201603051243
2016,淸明,201604041728
2016,立夏,201605051042
2016,芒種,201606051449
2016,小暑,201607070104
2016,立秋,201608071053
2016,白露,201609071351
2016,寒露,201610080533
2016,立冬,201611070847
2016,大雪,201612070141
2017,小寒,201701051256
2017,立春,201702040034
2017,驚蟄,201703051833
2017,淸明,201704042317
2017,立夏,201705051631
2017,芒種,201706052037
2017,小暑,201707070651
2017,立秋,201708071640
2017,白露,201709071939
2017,寒露,201710081122
2017,立冬,201711071438
2017,大雪,201712070732
2018,小寒,201801051849
2018,立春,201802040628
2018,驚蟄,201803060028
2018,淸明,201804050513
2018,立夏,201805052225
2018,芒種,201806060229
2018,小暑,201807071242
2018,立秋,201808072231
2018,白露,201809080130
2018,寒露,201810081715
2018,立冬,201811072032
2018,大雪,201812071326
2019,小寒,201901060039
2019,立春,201902041214
2019,驚蟄,201903060610
2019,淸明,201904051051
2019,立夏,201905060403
2019,芒種,201906060807
2019,小暑,201907071821
2019,立秋,201908080413
2019,白露,201909080717
2019,寒露,201910082306
2019,立冬,201911080224
2019,大雪,201912071918
2020,小寒,202001060630
2020,立春,202002041803
2020,驚蟄,202003051157
2020,淸明,202004041638
2020,立夏,202005050952
2020,芒種,202006051359
2020,小暑,202007070015
2020,立秋,202008071006
2020,白露,202009071308
2020,寒露,202010080455
2020,立冬,202011070814
2020,大雪,202012070109
2021,小寒,202101051223
2021,立春,202102032359
2021,驚蟄,202103051754
2021,淸明,202104042235
2021,立夏,202105051547
2021,芒種,202106051952
2021,小暑,202107070606
2021,立秋,202108071554
2021,白露,202109071853
2021,寒露,202110081039
2021,立冬,202111071359
2021,大雪,202112070657
2022,小寒,202201051814
2022,立春,202202040551
2022,驚蟄,202203052344
2022,淸明,202204050420
2022,立夏,202205052126
2022,芒種,202206060126
2022,小暑,202207071138
2022,立秋,202208072129
2022,白露,202209080032
2022,寒露,202210081622
2022,立冬,202211071945
2022,大雪,202212071246
2023,小寒,202301060005
2023,立春,202302041142
2023,驚蟄,202303060536
2023,淸明,202304051013
2023,立夏,202305060319
2023,芒種,202306060718
2023,小暑,202307071731
2023,立秋,202308080323
2023,白露,202309080627
2023,寒露,202310082216
2023,立冬,202311080135
2023,大雪,202312071833
2024,小寒,202401060549
2024,立春,202402041727
2024,驚蟄,202403051123
2024,淸明,202404041602
2024,立夏,202405050910
2024,芒種,202406051310
2024,小暑,202407062320
2024,立秋,202408070909
2024,白露,202409071211
2024,寒露,202410080400
2024,立冬,202411070720
2024,大雪,202412070017
2025,小寒,202501051133
2025,立春,202502032310
2025,驚蟄,202503051707
2025,淸明,202504042149
2025,立夏,202505051457
2025,芒種,202506051857
2025,小暑,202507070505
2025,立秋,202508071452
2025,白露,202509071752
2025,寒露,202510080941
2025,立冬,202511071304
2025,大雪,202512070604
2026,小寒,202601051723
2026,立春,202602040502
2026,驚蟄,202603052259
2026,淸明,202604050340
2026,立夏,202605052049
2026,芒種,202606060048
2026,小暑,202607071057
2026,立秋,202608072043
2026,白露,202609072341
2026,寒露,202610081529
2026,立冬,202611071852
2026,大雪,202612071152
2027,小寒,202701052310
2027,立春,202702041046
2027,驚蟄,202703060439
2027,淸明,202704050917
2027,立夏,202705060225
2027,芒種,202706060626
2027,小暑,202707071637
2027,立秋,202708080227
2027,白露,202709080528
2027,寒露,202710082117
2027,立冬,202711080038
2027,大雪,202712071737
2028,小寒,202801060454
2028,立春,202802041631
2028,驚蟄,202803051025
2028,淸明,202804041503
2028,立夏,202805050812
2028,芒種,202806051216
2028,小暑,202807062230
2028,立秋,202808070821
2028,白露,202809071122
2028,寒露,202810080308
2028,立冬,202811070627
2028,大雪,202812062324
2029,小寒,202901051042
2029,立春,202902032221
2029,驚蟄,202903051617
2029,淸明,202904042058
2029,立夏,202905051408
2029,芒種,202906051810
2029,小暑,202907070422
2029,立秋,202908071412
2029,白露,202909071712
2029,寒露,202910080858
2029,立冬,202911071216
2029,大雪,202912070514
2030,小寒,203001051630
2030,立春,203002040408
2030,驚蟄,203003052203
2030,淸明,203004050241
2030,立夏,203005051946
2030,芒種,203006052344
2030,小暑,203007070955
2030,立秋,203008071947
2030,白露,203009072253
2030,寒露,203010081445
2030,立冬,203011071808
2030,大雪,203012071107
2031,小寒,203101052223
2031,立春,203102040958
2031,驚蟄,203103060351
2031,淸明,203104050828
2031,立夏,203105060135
2031,芒種,203106060536
2031,小暑,203107071549
2031,立秋,203108080143
2031,白露,203109080450
2031,寒露,203110082043
2031,立冬,203111080005
2031,大雪,203112071702
2032,小寒,203201060416
2032,立春,203202041549
2032,驚蟄,203203050940
2032,淸明,203204041417
2032,立夏,203205050726
2032,芒種,203206051128
2032,小暑,203207062141
2032,立秋,203208070733
2032,白露,203209071038
2032,寒露,203210080230
2032,立冬,203211070554
2032,大雪,203212062253
2033,小寒,203301051008
2033,立春,203302032141
2033,驚蟄,203303051532
2033,淸明,203304042008
2033,立夏,203305051314
2033,芒種,203306051713
2033,小暑,203307070325
2033,立秋,203308071316
2033,白露,203309071620
2033,寒露,203310080814
2033,立冬,203311071141
2033,大雪,203312070445
2034,小寒,203401051604
2034,立春,203402040341
2034,驚蟄,203403052132
2034,淸明,203404050206
2034,立夏,203405051909
2034,芒種,203406052307
2034,小暑,203407070918
2034,立秋,203408071909
2034,白露,203409072214
2034,寒露,203410081407
2034,立冬,203411071733
2034,大雪,203412071036
2035,小寒,203501052155
2035,立春,203502040931
2035,驚蟄,203503060321
2035,淸明,203504050754
2035,立夏,203505060055
2035,芒種,203506060451
2035,小暑,203507071501
2035,立秋,203508080054
2035,白露,203509080402
2035,寒露,203510081957
2035,立冬,203511072323
2035,大雪,203512071625
2036,小寒,203601060343
2036,立春,203602041520
2036,驚蟄,203603050911
2036,淸明,203604041346
2036,立夏,203605050649
2036,芒種,203606051047
2036,小暑,203607062057
2036,立秋,203608070649
2036,白露,203609070955
2036,寒露,203610080149
2036,立冬,203611070514
2036,大雪,203612062216
2037,小寒,203701050934
2037,立春,203702032111
2037,驚蟄,203703051506
2037,淸明,203704041944
2037,立夏,203705051249
2037,芒種,203706051647
2037,小暑,203707070255
2037,立秋,203708071243
2037,白露,203709071545
2037,寒露,203710080737
2037,立冬,203711071104
2037,大雪,203712070407
2038,小寒,203801051526
2038,立春,203802040303
2038,驚蟄,203803052055
2038,淸明,203804050129
2038,立夏,203805051831
2038,芒種,203806052225
2038,小暑,203807070832
2038,立秋,203808071821
2038,白露,203809072126
2038,寒露,203810081321
2038,立冬,203811071650
2038,大雪,203812070956
2039,小寒,203901052116
2039,立春,203902040852
2039,驚蟄,203903060243
2039,淸明,203904050715
2039,立夏,203905060018
2039,芒種,203906060415
2039,小暑,203907071426
2039,立秋,203908080018
2039,白露,203909080324
2039,寒露,203910081917
2039,立冬,203911072242
2039,大雪,203912071545
2040,小寒,204001060303
2040,立春,204002041439
2040,驚蟄,204003050831
2040,淸明,204004041305
2040,立夏,204005050609
2040,芒種,204006051008
2040,小暑,204007062019
2040,立秋,204008070610
2040,白露,204009070914
2040,寒露,204010080105
2040,立冬,204011070429
2040,大雪,204012062129
2041,小寒,204101050848
2041,立春,204102032025
2041,驚蟄,204103051417
2041,淸明,204104041852
2041,立夏,204105051154
2041,芒種,204106051550
2041,小暑,204107070158
2041,立秋,204108071148
2041,白露,204109071453
2041,寒露,204110080647
2041,立冬,204111071013
2041,大雪,204112070315
2042,小寒,204201051435
2042,立春,204202040212
2042,驚蟄,204203052005
2042,淸明,204204050040
2042,立夏,204205051743
2042,芒種,204206052138
2042,小暑,204207070747
2042,立秋,204208071738
2042,白露,204209072045
2042,寒露,204210081240
2042,立冬,204211071607
2042,大雪,204212070909
2043,小寒,204301052025
2043,立春,204302040758
2043,驚蟄,204303060147
2043,淸明,204304050620
2043,立夏,204305052322
2043,芒種,204306060318
2043,小暑,204307071328
2043,立秋,204308072320
2043,白露,204309080230
2043,寒露,204310081827
2043,立冬,204311072155
2043,大雪,204312071457
2044,小寒,204401060212
2044,立春,204402041344
2044,驚蟄,204403050731
2044,淸明,204404041203
2044,立夏,204405050505
2044,芒種,204406050904
2044,小暑,204407061916
2044,立秋,204408070508
2044,白露,204409070816
2044,寒露,204410080013
2044,立冬,204411070341
2044,大雪,204412062045
2045,小寒,204501050802
2045,立春,204502031936
2045,驚蟄,204503051325
2045,淸明,204504041757
2045,立夏,204505051059
2045,芒種,204506051457
2045,小暑,204507070108
2045,立秋,204508071059
2045,白露,204509071405
2045,寒露,204510080600
2045,立冬,204511070929
2045,大雪,204512070235
2046,小寒,204601051355
2046,立春,204602040131
2046,驚蟄,204603051917
2046,淸明,204604042345
2046,立夏,204605051640
2046,芒種,204606052032
2046,小暑,204607070640
2046,立秋,204608071633
2046,白露,204609071943
2046,寒露,204610081142
2046,立冬,204611071514
2046,大雪,204612070821
2047,小寒,204701051942
2047,立春,204702040717
2047,驚蟄,204703060105
2047,淸明,204704050532
2047,立夏,204705052228
2047,芒種,204706060221
2047,小暑,204707071230
2047,立秋,204708072225
2047,白露,204709080138
2047,寒露,204710081737
2047,立冬,204711072107
2047,大雪,204712071410
2048,小寒,204801060129
2048,立春,204802041304
2048,驚蟄,204803050654
2048,淸明,204804041125
2048,立夏,204805050424
2048,芒種,204806050818
2048,小暑,204807061826
2048,立秋,204808070418
2048,白露,204809070728
2048,寒露,204810072326
2048,立冬,204811070256
2048,大雪,204812062000
2049,小寒,204901050718
2049,立春,204902031853
2049,驚蟄,204903051242
2049,淸明,204904041714
2049,立夏,204905051012
2049,芒種,204906051403
2049,小暑,204907070008
2049,立秋,204908070957
2049,白露,204909071305
2049,寒露,204910080504
2049,立冬,204911070838
2049,大雪,204912070146
2050,小寒,205001051307
2050,立春,205002040043
2050,驚蟄,205003051832
2050,淸明,205004042303
2050,立夏,205005051602
2050,芒種,205006051954
2050,小暑,205007070601
2050,立秋,205008071552
2050,白露,205009071900
2050,寒露,205010081100
2050,立冬,205011071433
2050,大雪,205012070741
2051,小寒,205101051901
2051,立春,205102040635
2051,驚蟄,205103060021
2051,淸明,205104050449
2051,立夏,205105052147
2051,芒種,205106060140
2051,小暑,205107071149
2051,立秋,205108072141
2051,白露,205109080051
2051,寒露,205110081650
2051,立冬,205111072021
2051,大雪,205112071328
2052,小寒,205201060048
2052,立春,205202041222
2052,驚蟄,205203050609
2052,淸明,205204041037
2052,立夏,205205050334
2052,芒種,205206050729
2052,小暑,205207061740
2052,立秋,205208070333
2052,白露,205209070642
2052,寒露,205210072239
2052,立冬,205211070209
2052,大雪,205212061915
2053,小寒,205301050635
2053,立春,205302031812
2053,驚蟄,205303051203
2053,淸明,205304041634
2053,立夏,205305050933
2053,芒種,205306051327
2053,小暑,205307062337
2053,立秋,205308070930
2053,白露,205309071238
2053,寒露,205310080435
2053,立冬,205311070805
2053,大雪,205312070111
2054,小寒,205401051232
2054,立春,205402040007
2054,驚蟄,205403051755
2054,淸明,205404042222
2054,立夏,205405051517
2054,芒種,205406051907
2054,小暑,205407070513
2054,立秋,205408071507
2054,白露,205409071819
2054,寒露,205410081022
2054,立冬,205411071356
2054,大雪,205412070703
2055,小寒,205501051822
2055,立春,205502040555
2055,驚蟄,205503052341
2055,淸明,205504050408
2055,立夏,205505052103
2055,芒種,205506060056
2055,小暑,205507071105
2055,立秋,205508072101
2055,白露,205509080015
2055,寒露,205510081618
2055,立冬,205511071952
2055,大雪,205512071258
2056,小寒,205601060015
2056,立春,205602041146
2056,驚蟄,205603050531
2056,淸明,205604040959
2056,立夏,205605050258
2056,芒種,205606050652
2056,小暑,205607061702
2056,立秋,205608070256
2056,白露,205609070607
2056,寒露,205610072208
2056,立冬,205611070143
2056,大雪,205612061850
2057,小寒,205701050609
2057,立春,205702031742
2057,驚蟄,205703051126
2057,淸明,205704041552
2057,立夏,205705050846
2057,芒種,205706051236
2057,小暑,205707062242
2057,立秋,205708070833
2057,白露,205709071144
2057,寒露,205710080346
2057,立冬,205711070722
2057,大雪,205712070034
2058,小寒,205801051158
2058,立春,205802032334
2058,驚蟄,205803051719
2058,淸明,205804042143
2058,立夏,205805051436
2058,芒種,205806051824
2058,小暑,205807070431
2058,立秋,205808071425
2058,白露,205809071737
2058,寒露,205810080941
2058,立冬,205811071316
2058,大雪,205812070626
2059,小寒,205901051748
2059,立春,205902040523
2059,驚蟄,205903052308
2059,淸明,205904050332
2059,立夏,205905052024
2059,芒種,205906060012
2059,小暑,205907071018
2059,立秋,205908072012
2059,白露,205909072326
2059,寒露,205910081530
2059,立冬,205911071905
2059,大雪,205912071213
2060,小寒,206001052333
2060,立春,206002041107
2060,驚蟄,206003050453
2060,淸明,206004040919
2060,立夏,206005050212
2060,芒種,206006050601
2060,小暑,206007061607
2060,立秋,206008070159
2060,白露,206009070510
2060,寒露,206010072113
2060,立冬,206011070048
2060,大雪,206012061757
2061,小寒,206101050518
2061,立春,206102031653
2061,驚蟄,206103051041
2061,淸明,206104041510
2061,立夏,206105050806
2061,芒種,206106051156
2061,小暑,206107062202
2061,立秋,206108070752
2061,白露,206109071102
2061,寒露,206110080304
2061,立冬,206111070639
2061,大雪,206112062350
2062,小寒,206201051112
2062,立春,206202032246
2062,驚蟄,206203051631
2062,淸明,206204042055
2062,立夏,206205051347
2062,芒種,206206051734
2062,小暑,206207070338
2062,立秋,206208071328
2062,白露,206209071640
2062,寒露,206210080844
2062,立冬,206211071222
2062,大雪,206212070534
2063,小寒,206301051656
2063,立春,206302040430
2063,驚蟄,206303052214
2063,淸明,206304050236
2063,立夏,206305051928
2063,芒種,206306052317
2063,小暑,206307070925
2063,立秋,206308071920
2063,白露,206309072233
2063,寒露,206310081436
2063,立冬,206311071811
2063,大雪,206312071120
2064,小寒,206401052241
2064,立春,206402041014
2064,驚蟄,206403050359
2064,淸明,206404040824
2064,立夏,206405050118
2064,芒種,206406050510
2064,小暑,206407061519
2064,立秋,206408070114
2064,白露,206409070426
2064,寒露,206410072027
2064,立冬,206411070001
2064,大雪,206412061708
2065,小寒,206501050429
2065,立春,206502031603
2065,驚蟄,206503050948
2065,淸明,206504041413
2065,立夏,206505050705
2065,芒種,206506051052
2065,小暑,206507062056
2065,立秋,206508070649
2065,白露,206509071001
2065,寒露,206510080205
2065,立冬,206511070542
2065,大雪,206512062252
2066,小寒,206601051014
2066,立春,206602032149
2066,驚蟄,206603051533
2066,淸明,206604041957
2066,立夏,206605051248
2066,芒種,206606051635
2066,小暑,206607070241
2066,立秋,206608071236
2066,白露,206609071553
2066,寒露,206610080800
2066,立冬,206611071138
2066,大雪,206612070448
2067,小寒,206701051606
2067,立春,206702040337
2067,驚蟄,206703052118
2067,淸明,206704050140
2067,立夏,206705051832
2067,芒種,206706052221
2067,小暑,206707070829
2067,立秋,206708071825
2067,白露,206709072142
2067,寒露,206710081350
2067,立冬,206711071730
2067,大雪,206712071040
2068,小寒,206801052159
2068,立春,206802040928
2068,驚蟄,206803050308
2068,淸明,206804040729
2068,立夏,206805050020
2068,芒種,206806050409
2068,小暑,206807061416
2068,立秋,206808070011
2068,白露,206809070325
2068,寒露,206810071932
2068,立冬,206811062313
2068,大雪,206812061625
2069,小寒,206901050348
2069,立春,206902031520
2069,驚蟄,206903050902
2069,淸明,206904041323
2069,立夏,206905050614
2069,芒種,206906051003
2069,小暑,206907062010
2069,立秋,206908070605
2069,白露,206909070920
2069,寒露,206910080126
2069,立冬,206911070507
2069,大雪,206912062221
2070,小寒,207001050947
2070,立春,207002032121
2070,驚蟄,207003051502
2070,淸明,207004041919
2070,立夏,207005051204
2070,芒種,207006051548
2070,小暑,207007070152
2070,立秋,207008071146
2070,白露,207009071503
2070,寒露,207010080713
2070,立冬,207011071055
2070,大雪,207012070410
2071,小寒,207101051535
2071,立春,207102040310
2071,驚蟄,207103052052
2071,淸明,207104050110
2071,立夏,207105051755
2071,芒種,207106052137
2071,小暑,207107070742
2071,立秋,207108071739
2071,白露,207109072057
2071,寒露,207110081307
2071,立冬,207111071648
2071,大雪,207112071000
2072,小寒,207201052122
2072,立春,207202040856
2072,驚蟄,207203050240
2072,淸明,207204040703
2072,立夏,207205042353
2072,芒種,207206050339
2072,小暑,207207061345
2072,立秋,207208062339
2072,白露,207209070254
2072,寒露,207210071903
2072,立冬,207211062243
2072,大雪,207212061556
2073,小寒,207301050318
2073,立春,207302031452
2073,驚蟄,207303050836
2073,淸明,207304041259
2073,立夏,207305050547
2073,芒種,207306050930
2073,小暑,207307061930
2073,立秋,207308070520
2073,白露,207309070833
2073,寒露,207310080041
2073,立冬,207311070423
2073,大雪,207312062140
2074,小寒,207401050905
2074,立春,207402032041
2074,驚蟄,207403051424
2074,淸明,207404041844
2074,立夏,207405051133
2074,芒種,207406051517
2074,小暑,207407070120
2074,立秋,207408071113
2074,白露,207409071428
2074,寒露,207410080636
2074,立冬,207411071019
2074,大雪,207412070333
2075,小寒,207501051457
2075,立春,207502040230
2075,驚蟄,207503052011
2075,淸明,207504050030
2075,立夏,207505051719
2075,芒種,207506052106
2075,小暑,207507070713
2075,立秋,207508071708
2075,白露,207509072023
2075,寒露,207510081231
2075,立冬,207511071611
2075,大雪,207512070924
2076,小寒,207601052046
2076,立春,207602040819
2076,驚蟄,207603050200
2076,淸明,207604040620
2076,立夏,207605042308
2076,芒種,207606050254
2076,小暑,207607061300
2076,立秋,207608062254
2076,白露,207609070208
2076,寒露,207610071814
2076,立冬,207611062153
2076,大雪,207612061505
2077,小寒,207701050228
2077,立春,207702031402
2077,驚蟄,207703050746
2077,淸明,207704041208
2077,立夏,207705050458
2077,芒種,207706050844
2077,小暑,207707061850
2077,立秋,207708070446
2077,白露,207709070802
2077,寒露,207710080010
2077,立冬,207711070349
2077,大雪,207712062102
2078,小寒,207801050824
2078,立春,207802031957
2078,驚蟄,207803051337
2078,淸明,207804041755
2078,立夏,207805051041
2078,芒種,207806051424
2078,小暑,207807070028
2078,立秋,207808071024
2078,白露,207809071343
2078,寒露,207810080555
2078,立冬,207811070938
2078,大雪,207812070252
2079,小寒,207901051413
2079,立春,207902040142
2079,驚蟄,207903051920
2079,淸明,207904042337
2079,立夏,207905051622
2079,芒種,207906052005
2079,小暑,207907070611
2079,立秋,207908071609
2079,白露,207909071930
2079,寒露,207910081143
2079,立冬,207911071526
2079,大雪,207912070839
2080,小寒,208001051959
2080,立春,208002040727
2080,驚蟄,208003050104
2080,淸明,208004040522
2080,立夏,208005042210
2080,芒種,208006050157
2080,小暑,208007061205
2080,立秋,208008062202
2080,白露,208009070122
2080,寒露,208010071734
2080,立冬,208011062118
2080,大雪,208012061433
2081,小寒,208101050155
2081,立春,208102031325
2081,驚蟄,208103050702
2081,淸明,208104041117
2081,立夏,208105050359
2081,芒種,208106050741
2081,小暑,208107061743
2081,立秋,208108070336
2081,白露,208109070654
2081,寒露,208110072306
2081,立冬,208111070252
2081,大雪,208112062011
2082,小寒,208201050738
2082,立春,208202031911
2082,驚蟄,208203051249
2082,淸明,208204041702
2082,立夏,208205050942
2082,芒種,208206051322
2082,小暑,208207062325
2082,立秋,208208070921
2082,白露,208209071242
2082,寒露,208210080457
2082,立冬,208211070843
2082,大雪,208212070201
2083,小寒,208301051325
2083,立春,208302040058
2083,驚蟄,208303051835
2083,淸明,208304042250
2083,立夏,208305051531
2083,芒種,208306051911
2083,小暑,208307070515
2083,立秋,208308071512
2083,白露,208309071834
2083,寒露,208310081049
2083,立冬,208311071435
2083,大雪,208312070751
2084,小寒,208401051914
2084,立春,208402040646
2084,驚蟄,208403050024
2084,淸明,208404040440
2084,立夏,208405042122
2084,芒種,208406050102
2084,小暑,208407061103
2084,立秋,208408062056
2084,白露,208409070014
2084,寒露,208410071626
2084,立冬,208411062013
2084,大雪,208412061330
2085,小寒,208501050055
2085,立春,208502031229
2085,驚蟄,208503050610
2085,淸明,208504041028
2085,立夏,208505050312
2085,芒種,208506050654
2085,小暑,208507061656
2085,立秋,208508070249
2085,白露,208509070607
2085,寒露,208510072220
2085,立冬,208511070207
2085,大雪,208512061926
2086,小寒,208601050653
2086,立春,208602031826
2086,驚蟄,208603051203
2086,淸明,208604041617
2086,立夏,208605050858
2086,芒種,208606051238
2086,小暑,208607062239
2086,立秋,208608070833
2086,白露,208609071152
2086,寒露,208610080406
2086,立冬,208611070755
2086,大雪,208612070115
2087,小寒,208701051242
2087,立春,208702040014
2087,驚蟄,208703051751
2087,淸明,208704042204
2087,立夏,208705051444
2087,芒種,208706051824
2087,小暑,208707070427
2087,立秋,208708071424
2087,白露,208709071744
2087,寒露,208710080957
2087,立冬,208711071342
2087,大雪,208712070659
2088,小寒,208801051824
2088,立春,208802040557
2088,驚蟄,208803042336
2088,淸明,208804040352
2088,立夏,208805042036
2088,芒種,208806050019
2088,小暑,208807061025
2088,立秋,208808062023
2088,白露,208809062343
2088,寒露,208810071556
2088,立冬,208811061940
2088,大雪,208812061256
2089,小寒,208901050020
2089,立春,208902031154
2089,驚蟄,208903050534
2089,淸明,208904040950
2089,立夏,208905050231
2089,芒種,208906050610
2089,小暑,208907061610
2089,立秋,208908070204
2089,白露,208909070523
2089,寒露,208910072137
2089,立冬,208911070124
2089,大雪,208912061842
2090,小寒,209001050608
2090,立春,209002031741
2090,驚蟄,209003051121
2090,淸明,209004041535
2090,立夏,209005050816
2090,芒種,209006051154
2090,小暑,209007062156
2090,立秋,209008070752
2090,白露,209009071115
2090,寒露,209010080333
2090,立冬,209011070722
2090,大雪,209012070039
2091,小寒,209101051201
2091,立春,209102032330
2091,驚蟄,209103051705
2091,淸明,209104042119
2091,立夏,209105051402
2091,芒種,209106051745
2091,小暑,209107070350
2091,立秋,209108071349
2091,白露,209109071713
2091,寒露,209110080931
2091,立冬,209111071320
2091,大雪,209112070638
2092,小寒,209201051800
2092,立春,209202040528
2092,驚蟄,209203042302
2092,淸明,209204040314
2092,立夏,209205041956
2092,芒種,209206042337
2092,小暑,209207060940
2092,立秋,209208061935
2092,白露,209209062255
2092,寒露,209210071511
2092,立冬,209211061900
2092,大雪,209212061220
2093,小寒,209301042346
2093,立春,209302031118
2093,驚蟄,209303050454
2093,淸明,209304040905
2093,立夏,209305050146
2093,芒種,209306050526
2093,小暑,209307061530
2093,立秋,209308070127
2093,白露,209309070449
2093,寒露,209310072105
2093,立冬,209311070055
2093,大雪,209312061816
2094,小寒,209401050544
2094,立春,209402031716
2094,驚蟄,209403051051
2094,淸明,209404041459
2094,立夏,209405050735
2094,芒種,209406051111
2094,小暑,209407062113
2094,立秋,209408070711
2094,白露,209409071035
2094,寒露,209410080255
2094,立冬,209411070646
2094,大雪,209412070007
2095,小寒,209501051134
2095,立春,209502032306
2095,驚蟄,209503051641
2095,淸明,209504042050
2095,立夏,209505051325
2095,芒種,209506051700
2095,小暑,209507070300
2095,立秋,209508071258
2095,白露,209509071623
2095,寒露,209510080842
2095,立冬,209511071232
2095,大雪,209512070551
2096,小寒,209601051715
2096,立春,209602040446
2096,驚蟄,209603042222
2096,淸明,209604040235
2096,立夏,209605041915
2096,芒種,209606042254
2096,小暑,209607060856
2096,立秋,209608061853
2096,白露,209609062216
2096,寒露,209610071435
2096,立冬,209611061825
2096,大雪,209612061145
2097,小寒,209701042310
2097,立春,209702031041
2097,驚蟄,209703050418
2097,淸明,209704040829
2097,立夏,209705050108
2097,芒種,209706050443
2097,小暑,209707061441
2097,立秋,209708070032
2097,白露,209709070352
2097,寒露,209710072010
2097,立冬,209711070003
2097,大雪,209712061727
2098,小寒,209801050456
2098,立春,209802031628
2098,驚蟄,209803051003
2098,淸明,209804041413
2098,立夏,209805050648
2098,芒種,209806051023
2098,小暑,209807062022
2098,立秋,209808070616
2098,白露,209809070938
2098,寒露,209810080157
2098,立冬,209811070550
2098,大雪,209812062312
2099,小寒,209901051038
2099,立春,209902032209
2099,驚蟄,209903051542
2099,淸明,209904041951
2099,立夏,209905051228
2099,芒種,209906051607
2099,小暑,209907070211
2099,立秋,209908071210
2099,白露,209909071533
2099,寒露,209910080751
2099,立冬,209911071142
2099,大雪,209912070502
2100,小寒,210001051628
2100,立春,210002040359
2100,驚蟄,210003052134
2100,淸明,210004050143
2100,立夏,210005051820
2100,芒種,210006052158
2100,小暑,210007070758
2100,立秋,210008071753
2100,白露,210009072115
2100,寒露,210010081330
2100,立冬,210011071719
2100,大雪,210012071039
2101,小寒,210101052206
2101,立春,210102040939
2101,驚蟄,210103060316
2101,淸明,210104050727
2101,立夏,210105060004
2101,芒種,210106060341
2101,小暑,210107071342
2101,立秋,210108072339
2101,白露,210109080303
2101,寒露,210110081922
2101,立冬,210111072313
2101,大雪,210112071634
